Workbook

Sheet Estimativa
A2: Estimativa de tamanho e esforço
A4: EST 2.1 | 27/10/2026 | Equipe: Antony Souza Siqueira e Felipe Santana Medeiros
A6: Medida | B6: Valor | C6: Unidade | D6: Origem | E6: Natureza | F6: Observação
A7: Peso dos atores | B7: ='Atores e casos'!D7 -> 3 | C7: pontos | D7: Atores e casos | E7: Calculado | F7: Um operador humano em interface gráfica
A8: Peso dos casos de uso | B8: =SUM('Atores e casos'!F12:F17) -> 50 | C8: pontos | D8: Atores e casos | E8: Calculado | F8: Quatro CRUDs e dois relatórios
A9: Tamanho não ajustado | B9: =B7+B8 -> 53 | C9: UUCP | D9: Atores + casos | E9: Calculado | F9: Sem duplicar operações dos CRUDs
A10: Fator técnico | B10: =Fatores!E21 -> 0.675 | C10: TCF | D10: Fatores | E10: Calculado | F10: 0,6 + 0,01 × soma técnica
A11: Fator ambiental | B11: =Fatores!E34 -> 0.935 | C11: ECF | D11: Fatores | E11: Calculado | F11: 1,4 − 0,03 × soma ambiental
A12: Tamanho ajustado | B12: =B9*B10*B11 -> 33.449625 | C12: PCU | D12: UUCP × TCF × ECF | E12: Calculado | F12: Precisão mantida no cálculo
A13: Produtividade adotada | B13: 2 | C13: h / PCU | D13: Premissa | E13: Editável | F13: Hipótese para Python + Flask local, sem série histórica; revisar com as horas reais da R1
A14: Esforço pelo tamanho | B14: =B12*B13 -> 66.89925 | C14: h | D14: PCU × produtividade | E14: Calculado | F14: Inclui o ciclo completo
A15: Esforço base arredondado | B15: =ROUNDUP(B14,0) -> 67 | C15: h | D15: Arredondar para cima | E15: Calculado | F15: Referência para comparação com cronograma
A16: Estimativa por atividades | B16: =SUMIF(Esforco!B7:B31,"Base",Esforco!D7:D31) -> 67 | C16: h | D16: Esforco | E16: Calculado | F16: Distribuição independente por pacote de trabalho
A17: Diferença de estimativas | B17: =B16-B15 -> 0 | C17: h | D17: Atividades − PCU | E17: Calculado | F17: Replanejar se houver diferença após editar premissas
A18: Reserva explícita | B18: =SUMIF(Esforco!B7:B31,"Reserva",Esforco!D7:D31) -> 9 | C18: h | D18: Esforco | E18: Calculado | F18: Revisões e correções; não é trabalho já executado
A19: Total com reserva | B19: =B16+B18 -> 76 | C19: h | D19: Atividades + reserva | E19: Calculado | F19: É o total planejado no CRO
A21: Produtividade provisória. A decomposição em RFS não amplia o produto nem comprova que o esforço seja suficiente; revisar após a R1.
A23: Cenário | B23: h / PCU | C23: Esforço base h | D23: Reserva h | E23: Total h | F23: Interpretação
A24: Base | B24: =B13 -> 2 | C24: =ROUNDUP($B$12*B24,0) -> 67 | D24: =B18 -> 9 | E24: =C24+D24 -> 76 | F24: Arquitetura simples e componentes reutilizados
A25: Mais lento | B25: 3 | C25: =ROUNDUP($B$12*B25,0) -> 101 | D25: =B18 -> 9 | E25: =C25+D25 -> 110 | F25: Mostra o impacto de aprendizado e retrabalho
A27: Método: Pontos de Caso de Uso, conforme modelo PCU da disciplina. Os exemplos e a base histórica fictícia do modelo não foram tratados como dados reais deste projeto.
A29: Controle: mudanças nos fatores ou na produtividade recalculam a EST. A distribuição por atividade e os arquivos CRO/MRB exigem revisão conjunta; não há vínculos externos ocultos.

Sheet Atores e casos
A2: Atores e casos de uso
A4: Apenas o operador usa o sistema. A pessoa que recebe um objeto é um cadastro, não um segundo ator.
A6: Ator | B6: Tipo | C6: Quantidade | D6: Peso total
A7: Operador | B7: Complexo | C7: 1 | D7: 3
A11: Caso | B11: Requisito | C11: Objetivo | D11: Transações | E11: Classe | F11: Peso | G11: Release | H11: Transações consolidadas
A12: UC01 | B12: RFC01 | C12: Manter pessoas | D12: 4 | E12: =IF(D12<=3,"Simples",IF(D12<=7,"Médio","Complexo")) -> Médio | F12: =IF(D12<=3,5,IF(D12<=7,10,15)) -> 10 | G12: R1 | H12: Incluir pessoa; consultar lista e detalhe; alterar cadastro; excluir cadastro sem vínculo.
A13: UC02 | B13: RFC02 | C13: Manter categorias | D13: 4 | E13: =IF(D13<=3,"Simples",IF(D13<=7,"Médio","Complexo")) -> Médio | F13: =IF(D13<=3,5,IF(D13<=7,10,15)) -> 10 | G13: R1 | H13: Incluir categoria; consultar; alterar; excluir categoria sem objeto vinculado.
A14: UC03 | B14: RFC03 | C14: Manter objetos | D14: 4 | E14: =IF(D14<=3,"Simples",IF(D14<=7,"Médio","Complexo")) -> Médio | F14: =IF(D14<=3,5,IF(D14<=7,10,15)) -> 10 | G14: R2 | H14: Incluir objeto; consultar disponibilidade; alterar cadastro; excluir objeto sem empréstimo vinculado.
A15: UC04 | B15: RFC04 | C15: Controlar empréstimos | D15: 5 | E15: =IF(D15<=3,"Simples",IF(D15<=7,"Médio","Complexo")) -> Médio | F15: =IF(D15<=3,5,IF(D15<=7,10,15)) -> 10 | G15: R2 | H15: Registrar retirada; consultar; alterar previsão ou observação; excluir lançamento confirmado; registrar devolução.
A16: UC05 | B16: RFC05 | C16: Consultar pendências | D16: 2 | E16: =IF(D16<=3,"Simples",IF(D16<=7,"Médio","Complexo")) -> Simples | F16: =IF(D16<=3,5,IF(D16<=7,10,15)) -> 5 | G16: R3 | H16: Informar filtros; receber lista de empréstimos abertos, atrasos e totais.
A17: UC06 | B17: RFC06 | C17: Consultar histórico | D17: 2 | E17: =IF(D17<=3,"Simples",IF(D17<=7,"Médio","Complexo")) -> Simples | F17: =IF(D17<=3,5,IF(D17<=7,10,15)) -> 5 | G17: R4 | H17: Informar período e filtros; receber histórico e totais de abertos e devolvidos.
A20: Convenção de contagem: cada transação é uma operação de negócio completa com pedido e resposta do sistema. Os fluxos de manutenção agrupam inclusão, consulta, alteração e exclusão. Não se contam campos, cliques nem telas.
A22: Os 19 RFSs detalham os seis casos agregados. UC04 inclui devolução. A aba Detalhamento mostra a correspondência, sem somar os RFSs novamente.
A24: Pesos: ator por interface gráfica = 3. Casos simples: até 3 transações = 5; médios: 4 a 7 = 10; complexos: acima de 7 = 15.

Sheet Fatores
A2: Fatores técnicos e ambientais
A6: ID | B6: Fator técnico | C6: Peso | D6: Influência | E6: Produto | F6: Justificativa
A7: T01 | B7: Sistemas distribuídos | C7: 2 | D7: 0 | E7: =C7*D7 -> 0 | F7: Aplicação e banco no mesmo computador.
A8: T02 | B8: Tempo de resposta | C8: 1 | D8: 1 | E8: =C8*D8 -> 1 | F8: Meta local simples de até 2 segundos.
A9: T03 | B9: Grau de escolaridade do usuário final | C9: 1 | D9: 0 | E9: =C9*D9 -> 0 | F9: Sem exigência técnica especial para o operador.
A10: T04 | B10: Processamento interno complexo | C10: 1 | D10: 1 | E10: =C10*D10 -> 1 | F10: Validações de datas e disponibilidade, sem otimização complexa.
A11: T05 | B11: Reusabilidade em outras aplicações | C11: 1 | D11: 0 | E11: =C11*D11 -> 0 | F11: Não é objetivo da entrega.
A12: T06 | B12: Facilidade de instalação | C12: 0.5 | D12: 2 | E12: =C12*D12 -> 1 | F12: Roteiro local reproduzível, sem instalador próprio.
A13: T07 | B13: Usabilidade | C13: 0.5 | D13: 3 | E13: =C13*D13 -> 1.5 | F13: Formulários claros e confirmação de exclusão.
A14: T08 | B14: Portabilidade | C14: 2 | D14: 0 | E14: =C14*D14 -> 0 | F14: Entrega validada em um ambiente Windows.
A15: T09 | B15: Facilidade de manutenção | C15: 1 | D15: 2 | E15: =C15*D15 -> 2 | F15: Separação simples entre telas e acesso a dados.
A16: T10 | B16: Concorrência | C16: 1 | D16: 0 | E16: =C16*D16 -> 0 | F16: Um operador por vez.
A17: T11 | B17: Segurança especial | C17: 1 | D17: 1 | E17: =C17*D17 -> 1 | F17: Validação de entrada e proteção dos arquivos locais.
A18: T12 | B18: Acesso direto para terceiros | C18: 1 | D18: 0 | E18: =C18*D18 -> 0 | F18: Nenhuma integração externa.
A19: T13 | B19: Treinamento especial | C19: 1 | D19: 0 | E19: =C19*D19 -> 0 | F19: Instruções curtas de uso.
B20: Soma técnica | E20: =SUM(E7:E19) -> 7.5
B21: TCF | E21: =0.6+0.01*E20 -> 0.675
A24: ID | B24: Fator ambiental | C24: Peso | D24: Influência | E24: Produto | F24: Premissa
A25: F01 | B25: Familiaridade com processo | C25: 1.5 | D25: 3 | E25: =C25*D25 -> 4.5 | F25: Hipótese intermediária, sem avaliação formal da equipe.
A26: F02 | B26: Experiência no domínio | C26: 0.5 | D26: 3 | E26: =C26*D26 -> 1.5 | F26: Empréstimos de objetos têm regras familiares; nota provisória.
A27: F03 | B27: Experiência em orientação a objetos | C27: 1 | D27: 3 | E27: =C27*D27 -> 3 | F27: Hipótese intermediária a revisar após a primeira release.
A28: F04 | B28: Capacidade de liderança | C28: 0.5 | D28: 3 | E28: =C28*D28 -> 1.5 | F28: Hipótese neutra, sem atribuir experiência comprovada.
A29: F05 | B29: Motivação | C29: 1 | D29: 3 | E29: =C29*D29 -> 3 | F29: Hipótese intermediária para o planejamento.
A30: F06 | B30: Estabilidade dos requisitos | C30: 2 | D30: 4 | E30: =C30*D30 -> 8 | F30: Escopo pequeno fixado na Release 0.
A31: F07 | B31: Dedicação parcial | C31: -1 | D31: 5 | E31: =C31*D31 -> -5 | F31: Projeto conciliado com estágio e TCC.
A32: F08 | B32: Dificuldade da linguagem | C32: -1 | D32: 1 | E32: =C32*D32 -> -1 | F32: Python já usado pela dupla nos testes Selenium; Flask com arquitetura simples. Nota a revisar com a R1.
B33: Soma ambiental | E33: =SUM(E25:E32) -> 15.5
B34: ECF | E34: =1.4-0.03*E33 -> 0.935
A36: Escala de influência de 0 a 5. F07 representa dedicação parcial. Notas ambientais são premissas e devem ser revisitadas com resultados da primeira release.
A38: Fonte: modelo PCU da disciplina. Equipe em dupla; fatores mantidos provisoriamente até revisar a execução conjunta.

Sheet Esforco
A2: Estimativa por atividade
A6: Atividade | B6: Tipo | C6: Pacote de trabalho | D6: Horas | E6: Entrega
A7: A01 | B7: Base | C7: Definir escopo e regras | D7: 1 | E7: DRE seções 1 e 2
A8: A02 | B8: Base | C8: Especificar requisitos e critérios | D8: 3 | E8: DRE completo
A9: A03 | B9: Base | C9: Estimar tamanho e rastrear requisitos | D9: 2 | E9: EST e MRB
A10: A04 | B10: Base | C10: Planejar e versionar a análise | D10: 2 | E10: CRO e branch analise/release-0
A11: B00 | B11: Reserva | C11: Reserva para revisão cruzada | D11: 2 | E11: Correções se necessárias
A12: A05 | B12: Base | C12: Preparar base local e estrutura comum | D12: 4 | E12: Python, Flask e SQLite com dados de exemplo
A13: A06 | B13: Base | C13: Implementar CRUD de pessoas | D13: 3 | E13: RFC01 e UC01
A14: A07 | B14: Base | C14: Implementar CRUD de categorias | D14: 2 | E14: RFC02 e UC02
A15: A08 | B15: Base | C15: Automatizar testes dos dois CRUDs | D15: 3 | E15: CT01 e CT02 e base Selenium
A16: A09 | B16: Base | C16: Revisar documentos e apresentar R1 | D16: 3 | E16: Cronograma atualizado e tag release-1
A17: B01 | B17: Reserva | C17: Reserva de correção R1 | D17: 2 | E17: Correções se necessárias
A18: A10 | B18: Base | C18: Implementar CRUD de objetos | D18: 4 | E18: RFC03 e UC03
... A31: B04 | B31: Reserva | C31: Reserva final de correção | D31: 1 | E31: Correções se necessárias
A34: As mesmas atividades e horas compõem a linha de base do CRO. A reserva só gera horas reais quando utilizada.

Sheet Detalhamento
A2: Decomposição dos casos de uso
A4: Versão 2.1 | 27/10/2026 | Antony Souza Siqueira e Felipe Santana Medeiros
A6: RFS | B6: Operação | C6: RFC | D6: Caso de uso | E6: Release | F6: Atividade CRO
A7: RFS01 | B7: Incluir pessoa | C7: RFC01 | D7: UC01 | E7: R1 | F7: A06.1
A8: RFS02 | B8: Alterar pessoa | C8: RFC01 | D8: UC01 | E8: R1 | F8: A06.2
A9: RFS03 | B9: Consultar pessoas | C9: RFC01 | D9: UC01 | E9: R1 | F9: A06.3
A10: RFS04 | B10: Excluir pessoa | C10: RFC01 | D10: UC01 | E10: R1 | F10: A06.4
A11: RFS05 | B11: Incluir categoria | C11: RFC02 | D11: UC02 | E11: R1 | F11: A07.1
A12: RFS06 | B12: Alterar categoria | C12: RFC02 | D12: UC02 | E12: R1 | F12: A07.2
A13: RFS07 | B13: Consultar categorias | C13: RFC02 | D13: UC02 | E13: R1 | F13: A07.3
A14: RFS08 | B14: Excluir categoria | C14: RFC02 | D14: UC02 | E14: R1 | F14: A07.4
A15: RFS09 | B15: Incluir objeto | C15: RFC03 | D15: UC03 | E15: R2 | F15: A10.1
A16: RFS10 | B16: Alterar objeto | C16: RFC03 | D16: UC03 | E16: R2 | F16: A10.2
A17: RFS11 | B17: Consultar objetos | C17: RFC03 | D17: UC03 | E17: R2 | F17: A10.3
... A25: RFS19 | B25: Consultar histórico | C25: RFC06 | D25: UC06 | E25: R4 | F25: A17.1; A17.2; A17.3
